Slug,filename,Domain,Name,Record Count
abandonware-forums-org,abandonware-forums.org_23181.txt,https://abandonware-forums.org,Home - Abandonware Forums,23181
adelgazarcomo-com,adelgazarcomo.com_377.txt,https://adelgazarcomo.com,adelgazarcomo.com,377
bakerro-com,bakerro.com_8894.txt,https://bakerro.com,Bakerro,8894
bbmcsa-com,bbmcsa.com_97.txt,https://bbmcsa.com,Bluebonnet Miata Club,97
bearcatnews-com,bearcatnews.com_1212.txt,https://bearcatnews.com,BearcatNews Forums,1212
bearhawkforums-com,bearhawkforums.com_1572.txt,https://bearhawkforums.com,Bearhawk Forums,1572
bluemountainmotorcycleclub-com,bluemountainmotorcycleclub.com_988.txt,https://bluemountainmotorcycleclub.com,Blue Mountain Motorcycle Club,988
bmw-forum-de,bmw-forum.de_10298.txt,https://bmw-forum.de,BMW-Forum,10298
volnugs-com,board.volnugs.com_410.txt,https://board.volnugs.com,VolNugs Board,410
tigerpaw-com,community.tigerpaw.com_3030.txt,https://community.tigerpaw.com,Tigerpaw Community,3030
crasharcade-com,crasharcade.com_52.txt,https://crasharcade.com,Crash Arcade,52
dallascowboyscentral-com,dallascowboyscentral.com_429.txt,https://dallascowboyscentral.com,Dallas Cowboys Central,429
debanked-com,debanked.com_2610.txt,https://debanked.com,deBanked,2610
discuss-ilw-com,discuss.ilw.com_28944.txt,https://discuss.ilw.com,ILW.COM Discussion Board,28944
electricbike-com,electricbike.com_12998.txt,https://electricbike.com,ELECTRICBIKE.COM,12998
fakeornot-fr,fakeornot.fr_780.txt,https://fakeornot.fr,Fake or Not,780
flutrackers-com,flutrackers.com_4134.txt,https://flutrackers.com,Forums - FluTrackers,4134
comunidadzero-com,foros.comunidadzero.com_82306.txt,https://foros.comunidadzero.com,Comunidad Zero,82306
wow-colombia-com,foros.wow-colombia.com_58311.txt,https://foros.wow-colombia.com,wow-colombia,58311
advanced-mind-institute-org,forum-it.advanced-mind-institute.org_946.tx,https://forum-it.advanced-mind-institute.org,Advanced Mind Institute,946
atoute-org,forum.atoute.org_88032.txt,https://forum.atoute.org,Atoute.org,88032
building-body-com,forum.building-body.com_17150.txt,https://forum.building-body.com,Bodybuilding Fitness Forum,17150
cacani-sg,forum.cacani.sg_398.txt,https://forum.cacani.sg,CACANi Forums,398
carameltechstudios-com,forum.carameltechstudios.com_233.txt,https://forum.carameltechstudios.com,Caramel Tech Community Forums,233
clean-ingredients-de,forum.clean-ingredients.de_109.txt,https://forum.clean-ingredients.de,Clean-Ingredients-Forum,109
dc-unlocker-com,forum.dc-unlocker.com_108662.txt,https://forum.dc-unlocker.com,DC-unlocker,108662
dragonnest-com,forum.dragonnest.com_27249.txt,https://forum.dragonnest.com,DragonNest Forums,27249
dryeyezone-com,forum.dryeyezone.com_9304.txt,https://forum.dryeyezone.com,Dry Eye Zone Forums,9304
espocrm-com,forum.espocrm.com_4386.txt,https://forum.espocrm.com,EspoCRM,4386
forexelate-com,forum.forexelate.com_40.txt,https://forum.forexelate.com,Forexelate,40
hollywoodcamerawork-com,forum.hollywoodcamerawork.com_4918.txt,https://forum.hollywoodcamerawork.com,Hollywood Camera Work Forum,4918
homag-com,forum.homag.com_1866.txt,https://forum.homag.com,HOMAG Software Forum,1866
in-win-com,forum.in-win.com_5436.txt,https://forum.in-win.com,InWin Forums,5436
pixelpointpos-com,forum.pixelpointpos.com_577.txt,https://forum.pixelpointpos.com,PixelPoint Partner Forum,577
rc-sub-com,forum.rc-sub.com_1690.txt,https://forum.rc-sub.com,Sub-drivers Forum,1690
readmore-de,forum.readmore.de_94968.txt,https://forum.readmore.de,readmore.de,94968
scalesoaring-com,forum.scalesoaring.com_1468.txt,https://forum.scalesoaring.com,ScaleSoaring.com,1468
scriptcase-net,forum.scriptcase.net_10923.txt,https://forum.scriptcase.net,Scriptcase,10923
studebakerdriversclub-com,forum.studebakerdriversclub.com_9071.txt,https://forum.studebakerdriversclub.com,Studebaker Drivers Club Forum,9071
swapa-org,forum.swapa.org_13579.txt,https://forum.swapa.org,SWAPA Forums,13579
theonyxpath-com,forum.theonyxpath.com_15596.txt,https://forum.theonyxpath.com,Onyx Path Forums,15596
vmedia-ca,forum.vmedia.ca_65839.txt,https://forum.vmedia.ca,VMedia Forum,65839
voltdb-com,forum.voltdb.com_2756.txt,https://forum.voltdb.com,VoltDB Forum,2756
wbrm-net,forum.wbrm.net_55.txt,https://forum.wbrm.net,WBRM Forums,55
forumaniga-me,forumaniga.me_314.txt,https://forumaniga.me,Aniga.me,314
avaloniaonline-com,forums.avaloniaonline.com_2020.txt,https://forums.avaloniaonline.com,Avalonia Online,2020
bladi-dz-com,forums.bladi-dz.com_4147.txt,https://forums.bladi-dz.com,Bladi-dz,4147
blitwise-com,forums.blitwise.com_10513.txt,https://forums.blitwise.com,BlitWise Forums,10513
capitalgames-com,forums.capitalgames.com_645820.txt,https://forums.capitalgames.com,CAPITAL GAMES,645820
resaleworld-com,forums.resaleworld.com_2459.txt,https://forums.resaleworld.com,Resaleworld Message Board,2459
trenchwars-com,forums.trenchwars.com_4460.txt,https://forums.trenchwars.com,SSCU Trench Wars Forums,4460
fstormrender-ru,fstormrender.ru_1814.txt,https://fstormrender.ru,FStormRender,1814
gitforums-org,gitforums.org_550.txt,https://gitforums.org,GitForums,550
golfsimulatorforum-com,golfsimulatorforum.com_7121.txt,https://golfsimulatorforum.com,Golf Simulator Forum,7121
hisseanaliz-net,hisseanaliz.net_52112.txt,https://hisseanaliz.net,Hisse Yorum,52112
hrtrendz-com,hrtrendz.com_808.txt,https://hrtrendz.com,HRTrendz.com,808
hydroracer-net,hydroracer.net_7744.txt,https://hydroracer.net,- HydroRacer.Net Forums,7744
xcoins-io,info.xcoins.io_2433.txt,https://info.xcoins.io,xCoins.io,2433
iratus-lepus-com,iratus-lepus.com_77.txt,https://iratus-lepus.com,Iratus lepus,77
janisian-com,janisian.com_168.txt,https://janisian.com,Janis Ian,168
khelokricket-com-pk,khelokricket.com.pk_12726.txt,https://khelokricket.com.pk,Khelo Kricket,12726
lionelracingforum-com,lionelracingforum.com_36213.txt,https://lionelracingforum.com,Lionel Racing Forum,36213
magissy-com,magissy.com_854.txt,https://magissy.com,The Magissy,854
mctina-org,mctina.org_19518.txt,https://mctina.org,MCTINA,19518
megathemer-net,megathemer.net_17796.txt,https://megathemer.net,MegaThemer,17796
modellflynytt-no,modellflynytt.no_13275.txt,https://modellflynytt.no,ModellflyNytt.no,13275
myqsx-net,myqsx.net_1295.txt,https://myqsx.net,MyQSX,1295
naszeaudio-pl,naszeaudio.pl_477.txt,https://naszeaudio.pl,naszeaudio.pl,477
originpc-com,niche.originpc.com_25140.txt,https://niche.originpc.com,ORIGIN,25140
nissanroadracing-com,nissanroadracing.com_2870.txt,https://nissanroadracing.com,Nissan Road Racing Forums,2870
oceangrownlounge-com,oceangrownlounge.com_8954.txt,https://oceangrownlounge.com,Ocean Grown Seeds,8954
parisunited40k-fr,parisunited40k.fr_142.txt,https://parisunited40k.fr,Paris United,142
performanceforums-com,performanceforums.com_47761.txt,https://performanceforums.com,PerformanceForums,47761
poker-org,poker.org_1795.txt,https://poker.org,Poker.org,1795
powerwagonadvertiser-com,powerwagonadvertiser.com_8819.txt,https://powerwagonadvertiser.com,Power Wagon Advertiser,8819
printplanet-com,printplanet.com_30707.txt,https://printplanet.com,PrintPlanet.com,30707
psforever-net,psforever.net_793.txt,https://psforever.net,PSForever,793
quadtreros-net,quadtreros.net_40559.txt,https://quadtreros.net,Quadtreros.com,40559
radiostyrt-no,radiostyrt.no_20529.txt,https://radiostyrt.no,Radiostyrt.no,20529
rollspel-nu,rollspel.nu_3066.txt,https://rollspel.nu,Rollspel.nu,3066
safespace-es,safespace.es_455.txt,https://safespace.es,SafeSpace,455
shockernet-net,shockernet.net_11380.txt,https://shockernet.net,Wichita State Basketball Forum,11380
sierraothg-com,sierraothg.com_496.txt,https://sierraothg.com,Sierra OTHG,496
socaluncensored-com,socaluncensored.com_2897.txt,https://socaluncensored.com,SoCalUNCENSORED.com,2897
socforum-com,socforum.com_4322.txt,https://socforum.com,Stag Owners Club Forum,4322
sparrowcloud9-com,sparrowcloud9.com_420.txt,https://sparrowcloud9.com,SparrowCloud9,420
sytyregistry-com,sytyregistry.com_375.txt,https://sytyregistry.com,SyTySGT Forums,375
taskforcedingo-com,taskforcedingo.com_270.txt,https://taskforcedingo.com,TaskForceDingo,270
theboard-f4wonline-com,theboard.f4wonline.com_31905.txt,https://theboard.f4wonline.com,THE BOARD - F4W,31905
thechinforum-com,thechinforum.com_58115.txt,https://thechinforum.com,Chin Motorsports HPDE Forum,58115
thesafehouse-org,thesafehouse.org_41482.txt,https://thesafehouse.org,The Safehouse Forums,41482
totalgamingnetwork-com,totalgamingnetwork.com_22613.txt,https://totalgamingnetwork.com,Total Gaming Network,22613
uschoops-com,uschoops.com_330.txt,https://uschoops.com,USCHOOPS Forums,330
taylorcraft-org,vb.taylorcraft.org_3852.txt,https://vb.taylorcraft.org,Taylorcraft Forums,3852
vintagers-org,vintagers.org_222.txt,https://vintagers.org,The Vintage Gunners,222
vulcanriders-us,vulcanriders.us_8021.txt,https://vulcanriders.us,Vulcan Riders USA,8021
wortkompass-de,wortkompass.de_377.txt,https://wortkompass.de,Wortkompass,377
writetoreel-com,writetoreel.com_46132.txt,https://writetoreel.com,Write to Reel,46132
wvstreets-com,wvstreets.com_72.txt,https://wvstreets.com,WVSTREETS.COM,72
adkhighpeaks-com,www.adkhighpeaks.com_6398.txt,https://adkhighpeaks.com,ADKHighPeaks,6398
arbeitsrecht-de,www.arbeitsrecht.de_23775.txt,https://arbeitsrecht.de,Arbeitsrecht.de,23775
astroforum-nl,www.astroforum.nl_9346.txt,https://astroforum.nl,Astroforum,9346
aviafora-com,www.aviafora.com_492.txt,https://aviafora.com,Aviafora,492
bikeratheart-com,www.bikeratheart.com_104.txt,https://bikeratheart.com,Biker at Heart,104
canoetripping-net,www.canoetripping.net_1134.txt,https://canoetripping.net,Canoetripping.net,1134
capperslounge-com,www.capperslounge.com_8419.txt,https://capperslounge.com,Cappers Lounge,8419
catfishconservationgroup-co-uk,www.catfishconservationgroup.co.uk_1510.tx,https://catfishconservationgroup.co.uk,The Catfish Conservation Group,1510
chat2flirt-com,www.chat2flirt.com_1546.txt,https://chat2flirt.com,Xpress.com Forums,1546
chatandhookup-com,www.chatandhookup.com_1254.txt,https://chatandhookup.com,Adulthookup.com Forums,1254
christiansurvivors-com,www.christiansurvivors.com_3006.txt,https://christiansurvivors.com,Christian Survivors,3006
clubvolvoquebec-com,www.clubvolvoquebec.com_1406.txt,https://clubvolvoquebec.com,Club Volvo Québec Forums,1406
contour-org,www.contour.org_14325.txt,https://contour.org,Contour Enthusiasts Group Forums,14325
d2football-com,www.d2football.com_5517.txt,https://d2football.com,D2Football.com,5517
datsun-france-com,www.datsun-france.com_1773.txt,https://datsun-france.com,Datsun-France,1773
disaster-com,www.disaster.com_1302.txt,https://disaster.com,Team Rubicon,1302
discoverxs-com,www.discoverxs.com_2524.txt,https://discoverxs.com,DiscoverXS,2524
dynamite-com,www.dynamite.com_426.txt,https://dynamite.com,Dynamite,426
equationoftime-com,www.equationoftime.com_45270.txt,https://equationoftime.com,Equation of Time,45270
eurogirlsforum-com,www.eurogirlsforum.com_4671.txt,https://eurogirlsforum.com,Euro Girls Forum,4671
flaguns-com,www.flaguns.com_9396.txt,https://flaguns.com,Florida Gun Forum,9396
forosecuador-ec,www.forosecuador.ec_83622.txt,https://forosecuador.ec,Foros Ecuador,83622
forum-macchine-it,www.forum-macchine.it_58583.txt,https://forum-macchine.it,Forum Macchine,58583
portnov-com,www.forum.portnov.com_5486.txt,https://forum.portnov.com,Portnov Forums,5486
ukcen-com,www.forum.ukcen.com_4530.txt,https://forum.ukcen.com,UKCEN Forum,4530
gopherforum-com,www.gopherforum.com_48401.txt,https://gopherforum.com,GopherHaul,48401
gravsportsice-com,www.gravsportsice.com_2324.txt,https://gravsportsice.com,gravsportsice.com,2324
greatwallforum-com,www.greatwallforum.com_1376.txt,https://greatwallforum.com,Great Wall Forum,1376
herniatalk-com,www.herniatalk.com_3004.txt,https://herniatalk.com,HerniaTalk,3004
highlander-community-com,www.highlander-community.com_512.txt,https://highlander-community.com,Highlander Forums,512
hobbysquawk-com,www.hobbysquawk.com_9475.txt,https://hobbysquawk.com,Hobby Squawk RC Forum,9475
hookuptalk-com,www.hookuptalk.com_9762.txt,https://hookuptalk.com,instanthookups.com Forum,9762
joanieallum-com,www.joanieallum.com_121.txt,https://joanieallum.com,Joanie Allum,121
justonelook-org,www.justonelook.org_1367.txt,https://justonelook.org,Just One Look,1367
kernel-video-sharing-com,www.kernel-video-sharing.com_855.txt,https://kernel-video-sharing.com,Kernel Video Sharing,855
killbillet-com,www.killbillet.com_90439.txt,https://killbillet.com,KillBillet.com,90439
m40rifle-com,www.m40rifle.com_739.txt,https://m40rifle.com,M40rifle.com,739
madisound-com,www.madisound.com_1728.txt,https://madisound.com,Madisound,1728
mcpressonline-com,www.mcpressonline.com_66003.txt,https://mcpressonline.com,MC Press Online,66003
micromatic-com,www.micromatic.com_43989.txt,https://micromatic.com,Micro Matic USA,43989
mobildebat-dk,www.mobildebat.dk_44887.txt,https://mobildebat.dk,Mobilsiden.dk,44887
mundusbellicus-fr,www.mundusbellicus.fr_7926.txt,https://mundusbellicus.fr,Mundus Bellicus,7926
muonline-ph,www.muonline.ph_2979.txt,https://muonline.ph,MuOnline Philippines,2979
nesa-co-uk,www.nesa.co.uk_8060.txt,https://nesa.co.uk,North East Sea Angling,8060
onetouchfootball-com,www.onetouchfootball.com_1828.txt,https://onetouchfootball.com,One Touch Football,1828
otbva-com,www.otbva.com_38303.txt,https://otbva.com,OTBVA,38303
reboot-hr,www.reboot.hr_1229.txt,https://reboot.hr,Reboot,1229
ridgidforum-com,www.ridgidforum.com_91233.txt,https://ridgidforum.com,RIDGID Forum,91233
scifi-forum-de,www.scifi-forum.de_38915.txt,https://scifi-forum.de,SciFi-Forum,38915
scootersoftware-com,www.scootersoftware.com_19940.txt,https://scootersoftware.com,Scooter Software,19940
solosforum-com,www.solosforum.com_19787.txt,https://solosforum.com,Solos Forum,19787
specialkidsintheuk-org,www.specialkidsintheuk.org_4231.txt,https://specialkidsintheuk.org,Special Kids In The UK,4231
texasfbt-com,www.texasfbt.com_1208.txt,https://texasfbt.com,TexasFBT.com,1208
thetrenchesforum-com,www.thetrenchesforum.com_258.txt,https://thetrenchesforum.com,Trenches Forum,258
thunderbirdnest-com,www.thunderbirdnest.com_14296.txt,https://thunderbirdnest.com,Thunderbird Forums,14296
torontogolfnuts-com,www.torontogolfnuts.com_50881.txt,https://torontogolfnuts.com,Toronto Golf Nuts,50881
utkiken-net,www.utkiken.net_7240.txt,https://utkiken.net,Utkiken,7240
vorshlag-com,www.vorshlag.com_827.txt,https://vorshlag.com,Vorshlag,827
z31performance-com,z31performance.com_10947.txt,https://z31performance.com,Z31 Performance,10947
zzrbikes-com,zzrbikes.com_6230.txt,https://zzrbikes.com,ZZRBikes,6230
azfragclub-com,azfragclub.com_277.txt,https://azfragclub.com,Azfragclub Forums,277
bitkiseltedavi-net,bitkiseltedavi.net_15465.txt,https://bitkiseltedavi.net,Bitkiseltedavi Forums,15465
bladderandbowelforum-com,bladderandbowelforum.com_262.txt,https://bladderandbowelforum.com,Bladderandbowelforum Forums,262
buffaloairwaysvirtual-com,buffaloairwaysvirtual.com_172.txt,https://buffaloairwaysvirtual.com,Buffaloairwaysvirtual Forums,172
buyerinfo-ru,buyerinfo.ru_17886.txt,https://buyerinfo.ru,Buyerinfo Forums,17886
cactuslove-ru,cactuslove.ru_1883.txt,https://cactuslove.ru,Cactuslove Forums,1883
clan30-com,clan30.com_3443.txt,https://clan30.com,Clan30 Forums,3443
cobaltapps-club,cobaltapps.club_3412.txt,https://cobaltapps.club,Cobaltapps Forums,3412
coding-talk-com,coding-talk.com_84689.txt,https://coding-talk.com,Coding-Talk Forums,84689
codythecarguy-com,codythecarguy.com_233.txt,https://codythecarguy.com,Codythecarguy Forums,233
beinhealth-com,community.beinhealth.com_2849.txt,https://community.beinhealth.com,Beinhealth Forums,2849
fornobravo-com,community.fornobravo.com_28866.txt,https://community.fornobravo.com,Fornobravo Forums,28866
horizondatasys-com,community.horizondatasys.com_3048.txt,https://community.horizondatasys.com,Horizondatasys Forums,3048
navicat-com,community.navicat.com_2007.txt,https://community.navicat.com,Navicat Forums,2007
netdoktor-at,community.netdoktor.at_9393.txt,https://community.netdoktor.at,Netdoktor Forums,9393
deadhook-com,deadhook.com_1406.txt,https://deadhook.com,Deadhook Forums,1406
dev-avsig-com,dev.avsig.com_174.txt,https://dev.avsig.com,Avsig Forums,174
diecastmodelaircraft-com,diecastmodelaircraft.com_5469.txt,https://diecastmodelaircraft.com,Diecastmodelaircraft Forums,5469
dtapclinic-com,dtapclinic.com_511.txt,https://dtapclinic.com,Dtapclinic Forums,511
capitalsenior-com,employeeforum.capitalsenior.com_1169.txt,https://employeeforum.capitalsenior.com,Capitalsenior Forums,1169
fin-gate-com,fin-gate.com_2719.txt,https://fin-gate.com,Fin-Gate Forums,2719
playthisgame-com,forum.cabaleu.playthisgame.com_145918.txt,https://forum.cabaleu.playthisgame.com,Playthisgame Forums,145918
caswellplating-com,forum.caswellplating.com_78018.txt,https://forum.caswellplating.com,Caswellplating Forums,78018
dex-rpg-com,forum.dex-rpg.com_68004.txt,https://forum.dex-rpg.com,Dex-Rpg Forums,68004
ekucharka-net,forum.ekucharka.net_3893.txt,https://forum.ekucharka.net,Ekucharka Forums,3893
gonemoab-com,forum.gonemoab.com_454.txt,https://forum.gonemoab.com,Gonemoab Forums,454
investor-bg,forum.investor.bg_59711.txt,https://forum.investor.bg,Investor Forums,59711
lawebdefisica-com,forum.lawebdefisica.com_19297.txt,https://forum.lawebdefisica.com,Lawebdefisica Forums,19297
learncima-com,forum.learncima.com_62531.txt,https://forum.learncima.com,Learncima Forums,62531
makingfun-com,forum.makingfun.com_89727.txt,https://forum.makingfun.com,Makingfun Forums,89727
memoriapress-com,forum.memoriapress.com_4081.txt,https://forum.memoriapress.com,Memoriapress Forums,4081
mirchronicles-com,forum.mirchronicles.com_2138.txt,https://forum.mirchronicles.com,Mirchronicles Forums,2138
novusrising-com,forum.novusrising.com_212.txt,https://forum.novusrising.com,Novusrising Forums,212
pokercity-nl,forum.pokercity.nl_6516.txt,https://forum.pokercity.nl,Pokercity Forums,6516
premium-contao-themes-com,forum.premium-contao-themes.com_651.txt,https://forum.premium-contao-themes.com,Premium-Contao-Themes Forums,651
priston-com-br,forum.priston.com.br_7565.txt,https://forum.priston.com.br,Priston Forums,7565
ruisystem-net,forum.ruisystem.net_202.txt,https://forum.ruisystem.net,Ruisystem Forums,202
soe-se,forum.soe.se_15121.txt,https://forum.soe.se,Soe Forums,15121
t-tapp-com,forum.t-tapp.com_31649.txt,https://forum.t-tapp.com,T-Tapp Forums,31649
ta77-net,forum.ta77.net_6489.txt,https://forum.ta77.net,Ta77 Forums,6489
texyon-com,forum.texyon.com_5216.txt,https://forum.texyon.com,Texyon Forums,5216
thejeansblog-com,forum.thejeansblog.com_2427.txt,https://forum.thejeansblog.com,Thejeansblog Forums,2427
thewrestlinggame-com,forum.thewrestlinggame.com_5463.txt,https://forum.thewrestlinggame.com,Thewrestlinggame Forums,5463
wearerealitygames-com,forum.wearerealitygames.com_4757.txt,https://forum.wearerealitygames.com,Wearerealitygames Forums,4757
wiriders-com,forum.wiriders.com_327.txt,https://forum.wiriders.com,Wiriders Forums,327
forumold-adv-bulgaria-com,forumold.adv-bulgaria.com_11862.txt,https://forumold.adv-bulgaria.com,Adv-Bulgaria Forums,11862
bongfish-com,forums.bongfish.com_13102.txt,https://forums.bongfish.com,Bongfish Forums,13102
buckeyefirearms-org,forums.buckeyefirearms.org_11259.txt,https://forums.buckeyefirearms.org,Buckeyefirearms Forums,11259
canadamotoguide-com,forums.canadamotoguide.com_9070.txt,https://forums.canadamotoguide.com,Canadamotoguide Forums,9070
fitsteps-co-uk,forums.fitsteps.co.uk_778.txt,https://forums.fitsteps.co.uk,Fitsteps Forums,778
fitwell-ness-com,forums.fitwell-ness.com_312.txt,https://forums.fitwell-ness.com,Fitwell-Ness Forums,312
gtrcanada-com,forums.gtrcanada.com_107971.txt,https://forums.gtrcanada.com,Gtrcanada Forums,107971
hamradiodeluxe-com,forums.hamradiodeluxe.com_5881.txt,https://forums.hamradiodeluxe.com,Hamradiodeluxe Forums,5881
joycitygames-com,forums.joycitygames.com_24905.txt,https://forums.joycitygames.com,Joycitygames Forums,24905
shell-livewire-com,forums.shell-livewire.com_431828.txt,https://forums.shell-livewire.com,Shell-Livewire Forums,431828
zonealarm-com,forums.zonealarm.com_5128.txt,https://forums.zonealarm.com,Zonealarm Forums,5128
forumsms-com,forumsms.com_1126.txt,https://forumsms.com,Forumsms Forums,1126
forumvideochat-com,forumvideochat.com_6953.txt,https://forumvideochat.com,Forumvideochat Forums,6953
fpvsea-com,fpvsea.com_1617.txt,https://fpvsea.com,Fpvsea Forums,1617
fvsports-com,fvsports.com_425.txt,https://fvsports.com,Fvsports Forums,425
fybforum-co-uk,fybforum.co.uk_50586.txt,https://fybforum.co.uk,Fybforum Forums,50586
gameworn-us,gameworn.us_1219.txt,https://gameworn.us,Gameworn Forums,1219
goaliestore-com,goaliestore.com_27973.txt,https://goaliestore.com,Goaliestore Forums,27973
hookers-nl,hookers.nl_292853.txt,https://hookers.nl,Hookers Forums,292853
livingorganicsoil-net,livingorganicsoil.net_59.txt,https://livingorganicsoil.net,Livingorganicsoil Forums,59
miestai-net,miestai.net_10064.txt,https://miestai.net,Miestai Forums,10064
nextasf-com,nextasf.com_2072.txt,https://nextasf.com,Nextasf Forums,2072
onfarming-com,onfarming.com_2396.txt,https://onfarming.com,Onfarming Forums,2396
organforum-com,organforum.com_21536.txt,https://organforum.com,Organforum Forums,21536
outlawjapclub-com,outlawjapclub.com_10030.txt,https://outlawjapclub.com,Outlawjapclub Forums,10030
paleoplanet-ru,paleoplanet.ru_332.txt,https://paleoplanet.ru,Paleoplanet Forums,332
parfumhobisi-com,parfumhobisi.com_1423.txt,https://parfumhobisi.com,Parfumhobisi Forums,1423
perjuries-com,perjuries.com_29134.txt,https://perjuries.com,Perjuries Forums,29134
phillyguitarclub-com,phillyguitarclub.com_120.txt,https://phillyguitarclub.com,Phillyguitarclub Forums,120
pianetabiancoverde-it,pianetabiancoverde.it_1561.txt,https://pianetabiancoverde.it,Pianetabiancoverde Forums,1561
planetavelo-com,planetavelo.com_1056.txt,https://planetavelo.com,Planetavelo Forums,1056
snipersparadise-com,snipersparadise.com_22295.txt,https://snipersparadise.com,Snipersparadise Forums,22295
antroposofiekind-nl,staging.antroposofiekind.nl_1143.txt,https://staging.antroposofiekind.nl,Antroposofiekind Forums,1143
control-point-com,support.control-point.com_29.txt,https://support.control-point.com,Control-Point Forums,29
syfydesigns-com,syfydesigns.com_52.txt,https://syfydesigns.com,Syfydesigns Forums,52
offroad-bulgaria-com,v2.offroad-bulgaria.com_175.txt,https://v2.offroad-bulgaria.com,Offroad-Bulgaria Forums,175
vintagehockeyforum-com,vintagehockeyforum.com_756.txt,https://vintagehockeyforum.com,Vintagehockeyforum Forums,756
waffen-welt-de,waffen-welt.de_13790.txt,https://waffen-welt.de,Waffen-Welt Forums,13790
millenniumweekend-org,wedg.millenniumweekend.org_65.txt,https://wedg.millenniumweekend.org,Millenniumweekend Forums,65
2paclegacyboard-net,www.2paclegacyboard.net_1060.txt,https://2paclegacyboard.net,2paclegacyboard Forums,1060
3djobs-com,www.3djobs.com_635.txt,https://3djobs.com,3djobs Forums,635
adwdiabetes-com,www.adwdiabetes.com_961.txt,https://adwdiabetes.com,Adwdiabetes Forums,961
agrarmodellbau-de,www.agrarmodellbau.de_6812.txt,https://agrarmodellbau.de,Agrarmodellbau Forums,6812
aktienboard-com,www.aktienboard.com_116575.txt,https://aktienboard.com,Aktienboard Forums,116575
algeria-com,www.algeria.com_3681.txt,https://algeria.com,Algeria Forums,3681
archery-forum-org,www.archery-forum.org_10827.txt,https://archery-forum.org,Archery-Forum Forums,10827
atpforum-eu,www.atpforum.eu_12514.txt,https://atpforum.eu,Atpforum Forums,12514
aviacionargentina-net,www.aviacionargentina.net_12043.txt,https://aviacionargentina.net,Aviacionargentina Forums,12043
badkittygames-net,www.badkittygames.net_161.txt,https://badkittygames.net,Badkittygames Forums,161
bench-racer-com,www.bench-racer.com_135.txt,https://bench-racer.com,Bench-Racer Forums,135
chronofhorse-com,www.chronofhorse.com_110247.txt,https://chronofhorse.com,Chronofhorse Forums,110247
clearvuecyclones-com,www.clearvuecyclones.com_2066.txt,https://clearvuecyclones.com,Clearvuecyclones Forums,2066
cngchat-com,www.cngchat.com_9998.txt,https://cngchat.com,Cngchat Forums,9998
docsboard-com,www.docsboard.com_2633.txt,https://docsboard.com,Docsboard Forums,2633
efupw-com,www.efupw.com_6749.txt,https://efupw.com,Efupw Forums,6749
eham-ru,www.eham.ru_746.txt,https://eham.ru,Eham Forums,746
familylifenwa-com,www.familylifenwa.com_59.txt,https://familylifenwa.com,Familylifenwa Forums,59
fishinguniverse-net,www.fishinguniverse.net_73.txt,https://fishinguniverse.net,Fishinguniverse Forums,73
fiskesnack-com,www.fiskesnack.com_39299.txt,https://fiskesnack.com,Fiskesnack Forums,39299
forocepos-com,www.forocepos.com_23472.txt,https://forocepos.com,Forocepos Forums,23472
hauseit-com,www.forum.hauseit.com_641.txt,https://forum.hauseit.com,Hauseit Forums,641
gesundehunde-com,www.gesundehunde.com_18287.txt,https://gesundehunde.com,Gesundehunde Forums,18287
gipfeltreffen-at,www.gipfeltreffen.at_59872.txt,https://gipfeltreffen.at,Gipfeltreffen Forums,59872
highcountry4wheelers-com,www.highcountry4wheelers.com_46651.txt,https://highcountry4wheelers.com,Highcountry4wheelers Forums,46651
homeopathyhome-com,www.homeopathyhome.com_15031.txt,https://homeopathyhome.com,Homeopathyhome Forums,15031
inphaseforum-com,www.inphaseforum.com_614.txt,https://inphaseforum.com,Inphaseforum Forums,614
koikichi-vn,www.koikichi.vn_819.txt,https://koikichi.vn,Koikichi Forums,819
lasvegasdirect-com,www.lasvegasdirect.com_21778.txt,https://lasvegasdirect.com,Lasvegasdirect Forums,21778
leforumdubowling-fr,www.leforumdubowling.fr_3219.txt,https://leforumdubowling.fr,Leforumdubowling Forums,3219
loxforum-com,www.loxforum.com_586.txt,https://loxforum.com,Loxforum Forums,586
metsglobal-org,www.metsglobal.org_41.txt,https://metsglobal.org,Metsglobal Forums,41
morocco-com,www.morocco.com_5788.txt,https://morocco.com,Morocco Forums,5788
nationalcouncil-bt,www.nationalcouncil.bt_355.txt,https://nationalcouncil.bt,Nationalcouncil Forums,355
nepal-com,www.nepal.com_2039.txt,https://nepal.com,Nepal Forums,2039
nihonto-yoroi-com,www.nihonto-yoroi.com_2872.txt,https://nihonto-yoroi.com,Nihonto-Yoroi Forums,2872
nwdiscgolfnews-com,www.nwdiscgolfnews.com_3243.txt,https://nwdiscgolfnews.com,Nwdiscgolfnews Forums,3243
openrexkit-org,www.openrexkit.org_91.txt,https://openrexkit.org,Openrexkit Forums,91
orangeandblack-net,www.orangeandblack.net_5591.txt,https://orangeandblack.net,Orangeandblack Forums,5591
packagingfloor-com,www.packagingfloor.com_20895.txt,https://packagingfloor.com,Packagingfloor Forums,20895
patronarrangements-com,www.patronarrangements.com_376.txt,https://patronarrangements.com,Patronarrangements Forums,376
puertorico-com,www.puertorico.com_26077.txt,https://puertorico.com,Puertorico Forums,26077
qudamaa-com,www.qudamaa.com_47096.txt,https://qudamaa.com,Qudamaa Forums,47096
sanguefreddo-net,www.sanguefreddo.net_29732.txt,https://sanguefreddo.net,Sanguefreddo Forums,29732
scotland-com,www.scotland.com_24185.txt,https://scotland.com,Scotland Forums,24185
seattleminiowners-com,www.seattleminiowners.com_547.txt,https://seattleminiowners.com,Seattleminiowners Forums,547
silanganpilipino-com,www.silanganpilipino.com_6639.txt,https://silanganpilipino.com,Silanganpilipino Forums,6639
simgamingnetwork-com,www.simgamingnetwork.com_419.txt,https://simgamingnetwork.com,Simgamingnetwork Forums,419
sledfreak-com,www.sledfreak.com_19466.txt,https://sledfreak.com,Sledfreak Forums,19466
southafrica-com,www.southafrica.com_4869.txt,https://southafrica.com,Southafrica Forums,4869
sspmustang-org,www.sspmustang.org_1885.txt,https://sspmustang.org,Sspmustang Forums,1885
tc-cancer-com,www.tc-cancer.com_11753.txt,https://tc-cancer.com,Tc-Cancer Forums,11753
tenbyforum-co-uk,www.tenbyforum.co.uk_61.txt,https://tenbyforum.co.uk,Tenbyforum Forums,61
thepetsforums-com,www.thepetsforums.com_3605.txt,https://thepetsforums.com,Thepetsforums Forums,3605
theworshipcommunity-com,www.theworshipcommunity.com_1240.txt,https://theworshipcommunity.com,Theworshipcommunity Forums,1240
timefortuckerman-com,www.timefortuckerman.com_6528.txt,https://timefortuckerman.com,Timefortuckerman Forums,6528
totalprotectioninteractive-com,www.totalprotectioninteractive.com_2406.tx,https://totalprotectioninteractive.com,Totalprotectioninteractive Forums,2406
tschatter-com,www.tschatter.com_404.txt,https://tschatter.com,Tschatter Forums,404
ukraine-com,www.ukraine.com_23463.txt,https://ukraine.com,Ukraine Forums,23463
wholebrainpowercoaching-com,www.wholebrainpowercoaching.com_572.txt,https://wholebrainpowercoaching.com,Wholebrainpowercoaching Forums,572
writers-ark-com,www.writers-ark.com_246.txt,https://writers-ark.com,Writers-Ark Forums,246
wwgym-com,www.wwgym.com_56535.txt,https://wwgym.com,Wwgym Forums,56535
yamaha-xsr-forum-com,yamaha-xsr-forum.com_154.txt,https://yamaha-xsr-forum.com,Yamaha-Xsr-Forum Forums,154
yamahaoutboardparts-com,yamahaoutboardparts.com_38756.txt,https://yamahaoutboardparts.com,Yamahaoutboardparts Forums,38756
zouve-com,zouve.com_42214.txt,https://zouve.com,Zouve Forums,42214